timestamp,type,key,latency_ms,success,is_stale,version
2025-11-16T15:54:42.086949Z,read,key_45,41.16,true,false,2
2025-11-16T15:54:42.146949Z,read,key_44,52.47,true,false,2
2025-11-16T15:54:42.206949Z,read,key_6,50.40,true,false,9
2025-11-16T15:54:42.266949Z,read,key_87,41.70,true,false,7
2025-11-16T15:54:42.326949Z,read,key_7,47.56,true,false,9
2025-11-16T15:54:42.386949Z,read,key_2,53.83,true,false,3
2025-11-16T15:54:42.446949Z,read,key_49,60.98,true,false,8
2025-11-16T15:54:42.506949Z,read,key_57,48.50,true,true,6
2025-11-16T15:54:42.566949Z,read,key_11,52.73,true,true,1
2025-11-16T15:54:42.626949Z,read,key_52,61.50,true,false,6
2025-11-16T15:54:42.686949Z,read,key_34,44.80,true,false,7
2025-11-16T15:54:42.746949Z,read,key_53,54.64,false,false,6
2025-11-16T15:54:42.806949Z,read,key_42,43.78,true,false,3
2025-11-16T15:54:42.866949Z,read,key_4,51.78,true,true,2
2025-11-16T15:54:42.926949Z,read,key_72,43.11,true,false,10
2025-11-16T15:54:42.986949Z,read,key_56,65.99,true,false,10
2025-11-16T15:54:43.046949Z,read,key_53,46.99,true,false,6
2025-11-16T15:54:43.106949Z,read,key_82,74.49,true,true,4
2025-11-16T15:54:43.166949Z,read,key_69,45.13,true,false,6
2025-11-16T15:54:43.226949Z,read,key_87,57.38,false,false,3
2025-11-16T15:54:43.286949Z,read,key_77,51.80,true,false,6
2025-11-16T15:54:43.346949Z,read,key_66,57.68,true,false,3
2025-11-16T15:54:43.406949Z,write,key_84,1378.40,true,false,1
2025-11-16T15:54:43.466949Z,read,key_8,38.01,true,false,8
2025-11-16T15:54:43.526949Z,read,key_53,39.53,true,false,2
2025-11-16T15:54:43.586949Z,read,key_86,58.81,true,false,4
2025-11-16T15:54:43.646949Z,read,key_0,50.97,true,false,2
2025-11-16T15:54:43.706949Z,write,key_39,912.21,true,false,5
2025-11-16T15:54:43.766949Z,read,key_77,56.82,true,false,3
2025-11-16T15:54:43.826949Z,read,key_71,43.11,true,false,6
2025-11-16T15:54:43.886949Z,read,key_14,47.37,true,false,3
2025-11-16T15:54:43.946949Z,write,key_64,1349.84,true,false,9
2025-11-16T15:54:44.006949Z,read,key_79,75.62,true,false,8
2025-11-16T15:54:44.066949Z,read,key_73,55.68,true,false,8
2025-11-16T15:54:44.126949Z,write,key_84,1442.75,true,false,7
2025-11-16T15:54:44.186949Z,read,key_15,67.98,true,false,8
2025-11-16T15:54:44.246949Z,read,key_69,46.58,true,false,10
2025-11-16T15:54:44.306949Z,read,key_92,39.57,true,false,10
2025-11-16T15:54:44.366949Z,read,key_47,32.96,true,false,3
2025-11-16T15:54:44.426949Z,read,key_58,60.88,true,false,4
2025-11-16T15:54:44.486949Z,read,key_35,42.61,true,false,5
2025-11-16T15:54:44.546949Z,read,key_75,64.28,true,false,9
2025-11-16T15:54:44.606949Z,read,key_47,54.83,true,false,4
2025-11-16T15:54:44.666949Z,read,key_16,53.38,true,false,8
2025-11-16T15:54:44.726949Z,read,key_14,50.76,true,false,5
2025-11-16T15:54:44.786949Z,read,key_61,47.39,true,false,9
2025-11-16T15:54:44.846949Z,read,key_35,66.85,true,false,10
2025-11-16T15:54:44.906949Z,write,key_12,1099.33,true,false,8
2025-11-16T15:54:44.966949Z,read,key_57,51.92,true,false,4
2025-11-16T15:54:45.026949Z,read,key_13,53.44,true,false,9
2025-11-16T15:54:45.086949Z,read,key_81,57.87,true,true,1
2025-11-16T15:54:45.146949Z,read,key_62,39.91,true,false,8
2025-11-16T15:54:45.206949Z,read,key_90,52.09,true,false,6
2025-11-16T15:54:45.266949Z,read,key_16,34.06,true,false,1
2025-11-16T15:54:45.326949Z,read,key_34,45.71,true,false,5
2025-11-16T15:54:45.386949Z,read,key_77,55.77,true,false,3
2025-11-16T15:54:45.446949Z,read,key_22,48.79,true,false,10
2025-11-16T15:54:45.506949Z,read,key_25,61.71,true,false,10
2025-11-16T15:54:45.566949Z,read,key_59,36.33,true,false,4
2025-11-16T15:54:45.626949Z,read,key_72,47.90,true,false,3
2025-11-16T15:54:45.686949Z,read,key_72,51.80,true,false,4
2025-11-16T15:54:45.746949Z,read,key_86,42.78,true,false,8
2025-11-16T15:54:45.806949Z,read,key_44,43.07,true,false,4
2025-11-16T15:54:45.866949Z,read,key_17,32.36,true,false,1
2025-11-16T15:54:45.926949Z,read,key_33,57.93,true,false,5
2025-11-16T15:54:45.986949Z,read,key_89,48.38,true,false,5
2025-11-16T15:54:46.046949Z,read,key_3,51.49,true,false,7
2025-11-16T15:54:46.106949Z,read,key_13,48.40,true,false,5
2025-11-16T15:54:46.166949Z,read,key_87,62.37,true,false,4
2025-11-16T15:54:46.226949Z,read,key_3,31.76,true,false,2
2025-11-16T15:54:46.286949Z,read,key_44,56.72,true,false,7
2025-11-16T15:54:46.346949Z,read,key_79,49.66,true,false,1
2025-11-16T15:54:46.406949Z,read,key_43,57.79,true,false,3
2025-11-16T15:54:46.466949Z,read,key_0,45.44,true,false,1
2025-11-16T15:54:46.526949Z,read,key_28,43.51,true,false,4
2025-11-16T15:54:46.586949Z,read,key_18,48.62,true,false,5
2025-11-16T15:54:46.646949Z,read,key_12,47.66,true,false,2
2025-11-16T15:54:46.706949Z,read,key_8,52.26,true,false,1
2025-11-16T15:54:46.766949Z,read,key_45,47.39,true,false,9
2025-11-16T15:54:46.826949Z,read,key_60,63.55,true,false,8
2025-11-16T15:54:46.886949Z,read,key_25,39.79,true,false,6
2025-11-16T15:54:46.946949Z,read,key_55,54.76,true,false,3
2025-11-16T15:54:47.006949Z,read,key_89,68.98,true,false,1
2025-11-16T15:54:47.066949Z,read,key_65,61.47,true,true,9
2025-11-16T15:54:47.126949Z,read,key_11,74.27,true,false,2
2025-11-16T15:54:47.186949Z,read,key_40,48.03,true,false,9
2025-11-16T15:54:47.246949Z,read,key_12,56.49,true,false,4
2025-11-16T15:54:47.306949Z,write,key_28,962.70,true,false,8
2025-11-16T15:54:47.366949Z,read,key_75,64.61,true,false,2
2025-11-16T15:54:47.426949Z,read,key_63,51.41,true,false,5
2025-11-16T15:54:47.486949Z,write,key_44,1000.43,true,false,2
2025-11-16T15:54:47.546949Z,read,key_82,51.21,true,false,10
2025-11-16T15:54:47.606949Z,read,key_56,41.94,true,false,8
2025-11-16T15:54:47.666949Z,read,key_20,64.90,true,false,3
2025-11-16T15:54:47.726949Z,write,key_99,951.23,true,false,9
2025-11-16T15:54:47.786949Z,read,key_73,48.49,true,false,4
2025-11-16T15:54:47.846949Z,read,key_60,42.98,false,false,6
2025-11-16T15:54:47.906949Z,read,key_4,66.11,true,false,8
2025-11-16T15:54:47.966949Z,read,key_82,60.55,true,false,2
2025-11-16T15:54:48.026949Z,write,key_75,1333.43,true,false,1
2025-11-16T15:54:48.086949Z,read,key_3,49.73,true,false,1
2025-11-16T15:54:48.146949Z,read,key_60,47.95,true,false,4
2025-11-16T15:54:48.206949Z,read,key_44,48.69,true,false,5
2025-11-16T15:54:48.266949Z,read,key_32,43.94,true,false,3
2025-11-16T15:54:48.326949Z,read,key_88,37.70,true,false,2
2025-11-16T15:54:48.386949Z,read,key_92,50.53,true,false,9
2025-11-16T15:54:48.446949Z,read,key_64,45.16,true,false,3
2025-11-16T15:54:48.506949Z,write,key_18,973.63,true,false,9
2025-11-16T15:54:48.566949Z,read,key_38,42.41,true,false,2
2025-11-16T15:54:48.626949Z,read,key_87,55.70,true,false,6
2025-11-16T15:54:48.686949Z,read,key_52,56.48,true,false,6
2025-11-16T15:54:48.746949Z,read,key_23,37.67,true,false,9
2025-11-16T15:54:48.806949Z,read,key_36,56.60,true,false,9
2025-11-16T15:54:48.866949Z,read,key_9,37.64,true,false,4
2025-11-16T15:54:48.926949Z,read,key_13,36.01,true,false,4
2025-11-16T15:54:48.986949Z,read,key_50,52.36,true,false,7
2025-11-16T15:54:49.046949Z,read,key_90,65.96,true,false,7
2025-11-16T15:54:49.106949Z,write,key_21,942.87,true,false,10
2025-11-16T15:54:49.166949Z,read,key_3,52.63,true,false,2
2025-11-16T15:54:49.226949Z,read,key_97,42.07,true,false,3
2025-11-16T15:54:49.286949Z,read,key_97,38.55,true,false,1
2025-11-16T15:54:49.346949Z,read,key_23,55.86,true,false,8
2025-11-16T15:54:49.406949Z,read,key_75,48.07,true,false,1
2025-11-16T15:54:49.466949Z,write,key_4,1037.67,true,false,10
2025-11-16T15:54:49.526949Z,read,key_57,39.33,true,false,1
2025-11-16T15:54:49.586949Z,read,key_78,54.55,true,false,5
2025-11-16T15:54:49.646949Z,read,key_49,62.70,false,false,1
2025-11-16T15:54:49.706949Z,read,key_56,51.64,false,false,8
2025-11-16T15:54:49.766949Z,read,key_69,49.61,true,false,1
2025-11-16T15:54:49.826949Z,read,key_96,54.59,true,false,2
2025-11-16T15:54:49.886949Z,write,key_74,943.31,true,false,1
2025-11-16T15:54:49.946949Z,write,key_82,1538.03,true,false,9
2025-11-16T15:54:50.006949Z,read,key_32,51.61,true,false,8
2025-11-16T15:54:50.066949Z,read,key_83,50.12,true,false,7
2025-11-16T15:54:50.126949Z,read,key_37,34.34,true,true,7
2025-11-16T15:54:50.186949Z,write,key_24,1140.12,true,false,5
2025-11-16T15:54:50.246949Z,read,key_54,49.64,true,false,4
2025-11-16T15:54:50.306949Z,read,key_74,75.67,true,false,4
2025-11-16T15:54:50.366949Z,read,key_15,44.36,true,false,7
2025-11-16T15:54:50.426949Z,read,key_33,50.14,true,true,1
2025-11-16T15:54:50.486949Z,read,key_16,53.48,true,false,9
2025-11-16T15:54:50.546949Z,read,key_58,56.82,true,false,6
2025-11-16T15:54:50.606949Z,read,key_54,44.35,true,false,2
2025-11-16T15:54:50.666949Z,read,key_68,36.18,true,false,1
2025-11-16T15:54:50.726949Z,read,key_53,42.79,true,false,5
2025-11-16T15:54:50.786949Z,read,key_10,42.85,true,false,8
2025-11-16T15:54:50.846949Z,read,key_28,64.78,true,false,1
2025-11-16T15:54:50.906949Z,write,key_26,1202.55,true,false,7
2025-11-16T15:54:50.966949Z,read,key_29,47.89,true,false,5
2025-11-16T15:54:51.026949Z,read,key_73,52.66,true,false,6
2025-11-16T15:54:51.086949Z,write,key_38,1250.93,true,false,2
2025-11-16T15:54:51.146949Z,read,key_92,44.79,true,false,8
2025-11-16T15:54:51.206949Z,read,key_38,54.28,true,true,6
2025-11-16T15:54:51.266949Z,read,key_87,40.06,true,false,6
2025-11-16T15:54:51.326949Z,read,key_19,55.57,true,false,9
2025-11-16T15:54:51.386949Z,read,key_57,37.90,true,false,9
2025-11-16T15:54:51.446949Z,read,key_4,58.02,true,false,1
2025-11-16T15:54:51.506949Z,read,key_64,39.01,true,false,5
2025-11-16T15:54:51.566949Z,read,key_64,55.47,true,false,7
2025-11-16T15:54:51.626949Z,read,key_20,42.41,true,false,6
2025-11-16T15:54:51.686949Z,read,key_29,35.60,true,false,8
2025-11-16T15:54:51.746949Z,write,key_98,1224.01,true,false,3
2025-11-16T15:54:51.806949Z,read,key_84,58.92,true,false,9
2025-11-16T15:54:51.866949Z,read,key_81,48.75,true,false,5
2025-11-16T15:54:51.926949Z,read,key_11,46.09,true,false,9
2025-11-16T15:54:51.986949Z,read,key_91,50.12,true,false,1
2025-11-16T15:54:52.046949Z,read,key_86,56.97,true,true,5
2025-11-16T15:54:52.106949Z,write,key_68,1030.68,true,false,9
2025-11-16T15:54:52.166949Z,read,key_45,28.50,true,false,2
2025-11-16T15:54:52.226949Z,read,key_23,33.73,true,false,10
2025-11-16T15:54:52.286949Z,read,key_16,37.31,true,false,3
2025-11-16T15:54:52.346949Z,read,key_51,54.92,true,false,10
2025-11-16T15:54:52.406949Z,read,key_53,50.21,true,false,3
2025-11-16T15:54:52.466949Z,read,key_14,45.29,true,true,1
2025-11-16T15:54:52.526949Z,read,key_91,50.53,true,false,9
2025-11-16T15:54:52.586949Z,read,key_12,61.44,true,false,4
2025-11-16T15:54:52.646949Z,read,key_38,46.23,true,false,7
2025-11-16T15:54:52.706949Z,read,key_70,59.19,true,false,4
2025-11-16T15:54:52.766949Z,write,key_99,1231.01,true,false,9
2025-11-16T15:54:52.826949Z,read,key_15,41.44,true,true,10
2025-11-16T15:54:52.886949Z,read,key_70,65.88,true,false,7
2025-11-16T15:54:52.946949Z,read,key_8,40.88,true,true,1
2025-11-16T15:54:53.006949Z,read,key_38,31.41,true,false,5
2025-11-16T15:54:53.066949Z,read,key_0,29.52,true,false,9
2025-11-16T15:54:53.126949Z,read,key_92,50.74,false,false,3
2025-11-16T15:54:53.186949Z,read,key_51,36.61,true,false,10
2025-11-16T15:54:53.246949Z,read,key_61,66.97,true,false,9
2025-11-16T15:54:53.306949Z,read,key_45,57.25,true,false,4
2025-11-16T15:54:53.366949Z,read,key_65,36.09,true,false,6
2025-11-16T15:54:53.426949Z,read,key_49,49.94,false,false,8
2025-11-16T15:54:53.486949Z,read,key_13,58.68,true,false,5
2025-11-16T15:54:53.546949Z,read,key_16,50.80,true,true,8
2025-11-16T15:54:53.606949Z,read,key_50,36.93,true,false,7
2025-11-16T15:54:53.666949Z,read,key_96,58.29,true,false,5
2025-11-16T15:54:53.726949Z,write,key_12,830.14,true,false,10
2025-11-16T15:54:53.786949Z,read,key_32,45.34,true,false,3
2025-11-16T15:54:53.846949Z,read,key_73,66.40,true,false,6
2025-11-16T15:54:53.906949Z,write,key_26,1487.10,true,false,2
2025-11-16T15:54:53.966949Z,read,key_21,50.06,true,false,10
2025-11-16T15:54:54.026949Z,read,key_71,35.52,true,false,1
2025-11-16T15:54:54.086949Z,read,key_43,26.00,true,false,3
2025-11-16T15:54:54.146949Z,read,key_96,68.00,true,false,7
2025-11-16T15:54:54.206949Z,read,key_67,37.07,true,false,5
2025-11-16T15:54:54.266949Z,read,key_92,38.76,true,false,1
2025-11-16T15:54:54.326949Z,read,key_40,45.26,true,false,5
2025-11-16T15:54:54.386949Z,read,key_42,54.11,true,false,3
2025-11-16T15:54:54.446949Z,read,key_67,48.72,true,false,3
2025-11-16T15:54:54.506949Z,write,key_71,1184.71,true,false,10
2025-11-16T15:54:54.566949Z,read,key_47,52.99,true,false,2
2025-11-16T15:54:54.626949Z,read,key_62,53.67,true,true,9
2025-11-16T15:54:54.686949Z,read,key_70,53.46,true,false,3
2025-11-16T15:54:54.746949Z,read,key_88,50.15,true,true,4
2025-11-16T15:54:54.806949Z,read,key_57,38.88,true,false,1
2025-11-16T15:54:54.866949Z,read,key_21,50.76,true,false,1
2025-11-16T15:54:54.926949Z,read,key_4,51.25,true,false,6
2025-11-16T15:54:54.986949Z,read,key_74,51.71,true,false,9
2025-11-16T15:54:55.046949Z,read,key_65,38.01,false,false,1
2025-11-16T15:54:55.106949Z,write,key_63,1116.62,true,false,1
2025-11-16T15:54:55.166949Z,read,key_93,59.95,true,false,5
2025-11-16T15:54:55.226949Z,read,key_12,54.22,true,false,1
2025-11-16T15:54:55.286949Z,read,key_82,57.84,true,false,6
2025-11-16T15:54:55.346949Z,read,key_40,35.42,true,false,10
2025-11-16T15:54:55.406949Z,read,key_14,53.37,true,false,2
2025-11-16T15:54:55.466949Z,read,key_17,59.07,true,false,5
2025-11-16T15:54:55.526949Z,read,key_27,61.67,true,false,1
2025-11-16T15:54:55.586949Z,read,key_94,60.91,true,false,8
2025-11-16T15:54:55.646949Z,read,key_99,66.77,true,false,3
2025-11-16T15:54:55.706949Z,read,key_22,51.73,true,false,2
2025-11-16T15:54:55.766949Z,write,key_58,1070.17,false,false,5
2025-11-16T15:54:55.826949Z,read,key_12,62.65,true,false,5
2025-11-16T15:54:55.886949Z,read,key_83,57.89,true,false,4
2025-11-16T15:54:55.946949Z,read,key_10,29.90,true,false,1
2025-11-16T15:54:56.006949Z,read,key_43,53.32,true,false,6
2025-11-16T15:54:56.066949Z,read,key_58,59.96,true,false,7
2025-11-16T15:54:56.126949Z,read,key_37,49.73,true,false,6
2025-11-16T15:54:56.186949Z,read,key_21,55.09,true,false,6
2025-11-16T15:54:56.246949Z,read,key_99,35.52,true,false,6
2025-11-16T15:54:56.306949Z,read,key_40,34.35,true,false,3
2025-11-16T15:54:56.366949Z,read,key_37,36.43,true,false,4
2025-11-16T15:54:56.426949Z,read,key_5,56.81,true,false,5
2025-11-16T15:54:56.486949Z,read,key_52,44.89,true,false,6
2025-11-16T15:54:56.546949Z,read,key_52,52.33,true,false,10
2025-11-16T15:54:56.606949Z,read,key_31,56.72,true,false,7
2025-11-16T15:54:56.666949Z,read,key_69,39.20,true,false,10
2025-11-16T15:54:56.726949Z,read,key_7,63.74,true,false,8
2025-11-16T15:54:56.786949Z,read,key_84,42.83,true,false,8
2025-11-16T15:54:56.846949Z,read,key_67,40.62,true,false,1
2025-11-16T15:54:56.906949Z,write,key_63,1140.81,true,false,2
2025-11-16T15:54:56.966949Z,read,key_35,32.95,true,false,1
2025-11-16T15:54:57.026949Z,read,key_79,45.91,true,false,4
2025-11-16T15:54:57.086949Z,read,key_84,34.96,true,false,1
2025-11-16T15:54:57.146949Z,write,key_48,1278.37,true,false,7
2025-11-16T15:54:57.206949Z,read,key_99,48.14,true,false,10
2025-11-16T15:54:57.266949Z,read,key_80,56.70,true,false,5
2025-11-16T15:54:57.326949Z,write,key_85,1075.94,true,false,1
2025-11-16T15:54:57.386949Z,read,key_80,53.32,true,false,9
2025-11-16T15:54:57.446949Z,read,key_65,30.20,true,false,5
2025-11-16T15:54:57.506949Z,write,key_83,1073.28,true,false,10
2025-11-16T15:54:57.566949Z,write,key_48,1572.39,true,false,4
2025-11-16T15:54:57.626949Z,read,key_33,59.59,true,false,6
2025-11-16T15:54:57.686949Z,read,key_42,25.04,true,false,7
2025-11-16T15:54:57.746949Z,read,key_93,55.54,true,false,7
2025-11-16T15:54:57.806949Z,read,key_20,46.08,true,false,4
2025-11-16T15:54:57.866949Z,write,key_63,1078.75,true,false,3
2025-11-16T15:54:57.926949Z,write,key_22,1269.99,true,false,9
2025-11-16T15:54:57.986949Z,read,key_69,48.86,true,false,5
2025-11-16T15:54:58.046949Z,write,key_67,1205.59,true,false,2
2025-11-16T15:54:58.106949Z,read,key_40,53.42,true,false,7
2025-11-16T15:54:58.166949Z,read,key_24,45.26,true,true,2
2025-11-16T15:54:58.226949Z,read,key_76,46.21,true,false,1
2025-11-16T15:54:58.286949Z,read,key_55,67.85,true,false,2
2025-11-16T15:54:58.346949Z,read,key_14,56.74,true,false,9
2025-11-16T15:54:58.406949Z,read,key_77,59.87,false,false,9
2025-11-16T15:54:58.466949Z,read,key_93,40.41,true,false,3
2025-11-16T15:54:58.526949Z,read,key_72,69.50,true,false,10
2025-11-16T15:54:58.586949Z,read,key_63,42.96,false,false,5
2025-11-16T15:54:58.646949Z,read,key_24,26.19,true,false,5
2025-11-16T15:54:58.706949Z,write,key_26,1188.32,true,false,3
2025-11-16T15:54:58.766949Z,read,key_57,54.42,true,false,9
2025-11-16T15:54:58.826949Z,read,key_41,48.37,true,false,4
2025-11-16T15:54:58.886949Z,read,key_25,39.10,true,false,3
2025-11-16T15:54:58.946949Z,read,key_83,42.83,true,false,2
2025-11-16T15:54:59.006949Z,read,key_4,55.83,true,false,6
2025-11-16T15:54:59.066949Z,read,key_89,48.35,false,false,8
2025-11-16T15:54:59.126949Z,read,key_6,42.88,true,true,7
2025-11-16T15:54:59.186949Z,read,key_16,57.86,true,true,7
2025-11-16T15:54:59.246949Z,read,key_94,32.82,true,false,2
2025-11-16T15:54:59.306949Z,read,key_23,54.30,true,false,7
2025-11-16T15:54:59.366949Z,read,key_86,60.90,true,true,10
2025-11-16T15:54:59.426949Z,read,key_32,53.96,true,true,2
2025-11-16T15:54:59.486949Z,read,key_83,57.31,true,false,4
2025-11-16T15:54:59.546949Z,read,key_47,37.62,true,false,1
2025-11-16T15:54:59.606949Z,read,key_73,52.83,false,false,6
2025-11-16T15:54:59.666949Z,read,key_19,49.08,true,false,5
2025-11-16T15:54:59.726949Z,read,key_80,44.72,true,false,5
2025-11-16T15:54:59.786949Z,read,key_8,48.68,true,false,4
2025-11-16T15:54:59.846949Z,write,key_14,1196.88,true,false,5
2025-11-16T15:54:59.906949Z,read,key_2,49.71,true,false,1
2025-11-16T15:54:59.966949Z,read,key_79,47.26,true,false,8
2025-11-16T15:55:00.026949Z,read,key_48,40.36,true,false,3
2025-11-16T15:55:00.086949Z,read,key_43,46.36,true,false,7
2025-11-16T15:55:00.146949Z,read,key_8,46.00,false,false,8
2025-11-16T15:55:00.206949Z,read,key_7,44.84,true,false,9
2025-11-16T15:55:00.266949Z,read,key_52,45.75,true,false,4
2025-11-16T15:55:00.326949Z,read,key_26,48.12,true,false,6
2025-11-16T15:55:00.386949Z,read,key_10,68.83,true,false,7
2025-11-16T15:55:00.446949Z,read,key_62,48.77,true,false,1
2025-11-16T15:55:00.506949Z,read,key_94,52.69,true,false,8
2025-11-16T15:55:00.566949Z,read,key_89,53.27,true,false,4
2025-11-16T15:55:00.626949Z,read,key_51,52.69,true,false,6
2025-11-16T15:55:00.686949Z,write,key_9,1204.23,true,false,3
2025-11-16T15:55:00.746949Z,read,key_19,37.80,true,false,8
2025-11-16T15:55:00.806949Z,read,key_89,43.56,true,false,4
2025-11-16T15:55:00.866949Z,read,key_56,63.12,true,false,1
2025-11-16T15:55:00.926949Z,read,key_61,46.54,true,false,1
2025-11-16T15:55:00.986949Z,read,key_57,70.15,true,false,6
2025-11-16T15:55:01.046949Z,read,key_17,54.75,true,false,3
2025-11-16T15:55:01.106949Z,read,key_27,42.30,false,true,5
2025-11-16T15:55:01.166949Z,write,key_41,1159.86,true,false,4
2025-11-16T15:55:01.226949Z,read,key_85,56.44,true,false,4
2025-11-16T15:55:01.286949Z,read,key_30,50.77,true,false,3
2025-11-16T15:55:01.346949Z,read,key_95,46.48,true,false,9
2025-11-16T15:55:01.406949Z,read,key_12,52.30,true,false,10
2025-11-16T15:55:01.466949Z,read,key_60,50.55,true,false,5
2025-11-16T15:55:01.526949Z,read,key_88,62.87,true,false,7
2025-11-16T15:55:01.586949Z,read,key_32,25.48,true,false,4
2025-11-16T15:55:01.646949Z,read,key_59,37.38,true,false,5
2025-11-16T15:55:01.706949Z,read,key_45,30.77,true,false,6
2025-11-16T15:55:01.766949Z,read,key_41,31.29,true,false,10
2025-11-16T15:55:01.826949Z,read,key_38,43.16,true,false,1
2025-11-16T15:55:01.886949Z,read,key_70,33.07,true,false,1
2025-11-16T15:55:01.946949Z,read,key_78,29.79,true,false,10
2025-11-16T15:55:02.006949Z,read,key_44,39.63,true,false,5
2025-11-16T15:55:02.066949Z,read,key_1,47.04,true,false,10
2025-11-16T15:55:02.126949Z,read,key_94,48.79,true,false,7
2025-11-16T15:55:02.186949Z,read,key_43,41.81,true,false,10
2025-11-16T15:55:02.246949Z,read,key_18,52.94,true,true,1
2025-11-16T15:55:02.306949Z,read,key_70,52.87,true,false,6
2025-11-16T15:55:02.366949Z,read,key_52,38.19,true,false,8
2025-11-16T15:55:02.426949Z,read,key_2,49.92,true,false,7
2025-11-16T15:55:02.486949Z,read,key_8,38.84,true,false,10
2025-11-16T15:55:02.546949Z,read,key_1,68.11,true,false,10
2025-11-16T15:55:02.606949Z,read,key_22,55.16,true,false,1
2025-11-16T15:55:02.666949Z,write,key_15,1203.42,true,false,4
2025-11-16T15:55:02.726949Z,read,key_12,58.86,true,false,8
2025-11-16T15:55:02.786949Z,read,key_91,50.87,true,false,8
2025-11-16T15:55:02.846949Z,write,key_90,982.47,true,false,5
2025-11-16T15:55:02.906949Z,read,key_99,64.70,true,false,9
2025-11-16T15:55:02.966949Z,write,key_76,1018.33,true,false,2
2025-11-16T15:55:03.026949Z,read,key_23,38.91,true,false,3
2025-11-16T15:55:03.086949Z,read,key_17,63.15,true,true,2
2025-11-16T15:55:03.146949Z,read,key_77,43.80,true,false,3
2025-11-16T15:55:03.206949Z,read,key_2,33.61,true,false,5
2025-11-16T15:55:03.266949Z,read,key_38,48.14,true,false,9
2025-11-16T15:55:03.326949Z,read,key_45,48.33,true,false,3
2025-11-16T15:55:03.386949Z,read,key_56,58.59,true,false,2
2025-11-16T15:55:03.446949Z,read,key_17,63.88,true,true,1
2025-11-16T15:55:03.506949Z,write,key_78,1292.62,true,false,5
2025-11-16T15:55:03.566949Z,read,key_51,44.79,true,false,6
2025-11-16T15:55:03.626949Z,read,key_62,29.90,true,false,4
2025-11-16T15:55:03.686949Z,read,key_98,49.04,true,false,4
2025-11-16T15:55:03.746949Z,read,key_24,53.19,true,false,6
2025-11-16T15:55:03.806949Z,read,key_48,59.44,true,false,8
2025-11-16T15:55:03.866949Z,read,key_33,60.63,true,false,5
2025-11-16T15:55:03.926949Z,write,key_53,1341.78,true,false,8
2025-11-16T15:55:03.986949Z,read,key_42,65.10,true,false,5
2025-11-16T15:55:04.046949Z,read,key_67,41.60,true,false,3
2025-11-16T15:55:04.106949Z,read,key_28,41.98,true,false,8
2025-11-16T15:55:04.166949Z,read,key_3,64.11,true,false,7
2025-11-16T15:55:04.226949Z,read,key_43,49.43,true,false,8
2025-11-16T15:55:04.286949Z,read,key_27,48.87,true,false,10
2025-11-16T15:55:04.346949Z,read,key_39,57.11,true,false,5
2025-11-16T15:55:04.406949Z,read,key_79,52.05,true,false,1
2025-11-16T15:55:04.466949Z,read,key_3,42.82,true,false,3
2025-11-16T15:55:04.526949Z,read,key_94,48.86,true,false,5
2025-11-16T15:55:04.586949Z,read,key_76,58.42,true,false,1
2025-11-16T15:55:04.646949Z,read,key_10,51.57,true,false,3
2025-11-16T15:55:04.706949Z,read,key_44,40.85,true,true,4
2025-11-16T15:55:04.766949Z,read,key_12,62.96,true,false,6
2025-11-16T15:55:04.826949Z,read,key_30,51.90,true,false,7
2025-11-16T15:55:04.886949Z,write,key_85,1532.20,true,false,2
2025-11-16T15:55:04.946949Z,read,key_15,51.82,true,true,10
2025-11-16T15:55:05.006949Z,read,key_53,41.82,true,true,4
2025-11-16T15:55:05.066949Z,write,key_72,1388.71,true,false,5
2025-11-16T15:55:05.126949Z,read,key_12,51.47,true,false,3
2025-11-16T15:55:05.186949Z,read,key_59,44.27,true,false,4
2025-11-16T15:55:05.246949Z,read,key_1,51.59,true,false,9
2025-11-16T15:55:05.306949Z,read,key_26,32.25,true,false,1
2025-11-16T15:55:05.366949Z,read,key_20,50.24,true,false,6
2025-11-16T15:55:05.426949Z,read,key_43,51.27,true,false,10
2025-11-16T15:55:05.486949Z,write,key_76,1036.15,true,false,8
2025-11-16T15:55:05.546949Z,read,key_13,36.52,true,false,9
2025-11-16T15:55:05.606949Z,read,key_22,47.36,true,false,8
2025-11-16T15:55:05.666949Z,read,key_49,58.79,true,false,3
2025-11-16T15:55:05.726949Z,read,key_91,43.89,true,false,6
2025-11-16T15:55:05.786949Z,write,key_39,1082.12,true,false,6
2025-11-16T15:55:05.846949Z,read,key_7,38.18,true,false,8
2025-11-16T15:55:05.906949Z,read,key_89,55.70,true,false,6
2025-11-16T15:55:05.966949Z,read,key_5,37.80,true,true,8
2025-11-16T15:55:06.026949Z,read,key_93,58.59,true,false,9
2025-11-16T15:55:06.086949Z,read,key_38,53.58,true,false,8
2025-11-16T15:55:06.146949Z,read,key_34,42.04,true,false,5
2025-11-16T15:55:06.206949Z,read,key_19,50.37,true,false,3
2025-11-16T15:55:06.266949Z,read,key_20,41.63,true,false,7
2025-11-16T15:55:06.326949Z,read,key_20,47.09,true,false,2
2025-11-16T15:55:06.386949Z,write,key_1,1310.76,true,false,4
2025-11-16T15:55:06.446949Z,write,key_43,983.14,true,false,8
2025-11-16T15:55:06.506949Z,read,key_48,46.71,false,false,5
2025-11-16T15:55:06.566949Z,read,key_1,71.35,true,false,7
2025-11-16T15:55:06.626949Z,read,key_88,58.51,true,false,4
2025-11-16T15:55:06.686949Z,write,key_58,1428.58,true,false,5
2025-11-16T15:55:06.746949Z,read,key_56,64.98,true,false,10
2025-11-16T15:55:06.806949Z,read,key_67,52.19,true,false,5
2025-11-16T15:55:06.866949Z,read,key_31,57.30,true,false,7
2025-11-16T15:55:06.926949Z,read,key_30,37.59,true,false,8
2025-11-16T15:55:06.986949Z,write,key_9,1286.35,true,false,10
2025-11-16T15:55:07.046949Z,read,key_15,35.73,true,false,4
2025-11-16T15:55:07.106949Z,read,key_41,40.06,true,false,3
2025-11-16T15:55:07.166949Z,read,key_19,57.99,true,false,4
2025-11-16T15:55:07.226949Z,read,key_98,49.40,true,false,9
2025-11-16T15:55:07.286949Z,read,key_88,53.70,true,false,10
2025-11-16T15:55:07.346949Z,read,key_33,37.32,true,true,6
2025-11-16T15:55:07.406949Z,read,key_20,46.92,true,false,9
2025-11-16T15:55:07.466949Z,read,key_4,41.53,true,false,5
2025-11-16T15:55:07.526949Z,read,key_31,58.27,true,false,5
2025-11-16T15:55:07.586949Z,read,key_20,48.49,true,false,6
2025-11-16T15:55:07.646949Z,read,key_74,39.83,true,false,8
2025-11-16T15:55:07.706949Z,read,key_43,56.83,true,false,1
2025-11-16T15:55:07.766949Z,read,key_86,58.88,true,true,5
2025-11-16T15:55:07.826949Z,write,key_5,846.99,true,false,7
2025-11-16T15:55:07.886949Z,read,key_34,58.58,false,false,10
2025-11-16T15:55:07.946949Z,read,key_95,53.67,true,false,2
2025-11-16T15:55:08.006949Z,read,key_54,66.24,true,true,4
2025-11-16T15:55:08.066949Z,write,key_51,893.87,true,false,3
2025-11-16T15:55:08.126949Z,read,key_43,46.21,true,false,5
2025-11-16T15:55:08.186949Z,read,key_47,61.08,true,false,5
2025-11-16T15:55:08.246949Z,read,key_7,49.32,true,true,1
2025-11-16T15:55:08.306949Z,read,key_54,42.14,true,true,4
2025-11-16T15:55:08.366949Z,read,key_13,46.18,true,true,8
2025-11-16T15:55:08.426949Z,read,key_70,51.44,false,false,6
2025-11-16T15:55:08.486949Z,write,key_89,1091.90,true,false,2
2025-11-16T15:55:08.546949Z,read,key_29,74.57,true,false,10
2025-11-16T15:55:08.606949Z,read,key_12,58.08,true,false,9
2025-11-16T15:55:08.666949Z,read,key_6,42.40,true,false,4
2025-11-16T15:55:08.726949Z,read,key_50,58.88,true,false,3
2025-11-16T15:55:08.786949Z,read,key_65,55.41,true,false,7
2025-11-16T15:55:08.846949Z,read,key_28,55.42,true,false,7
2025-11-16T15:55:08.906949Z,read,key_48,36.85,true,false,1
2025-11-16T15:55:08.966949Z,read,key_17,49.94,true,false,8
2025-11-16T15:55:09.026949Z,read,key_76,49.68,true,false,5
2025-11-16T15:55:09.086949Z,read,key_82,56.04,true,false,5
2025-11-16T15:55:09.146949Z,read,key_45,53.40,true,false,3
2025-11-16T15:55:09.206949Z,write,key_94,1270.28,true,false,2
2025-11-16T15:55:09.266949Z,write,key_10,923.87,true,false,3
2025-11-16T15:55:09.326949Z,read,key_24,57.17,true,false,3
2025-11-16T15:55:09.386949Z,read,key_25,38.43,true,false,4
2025-11-16T15:55:09.446949Z,read,key_43,55.58,true,false,3
2025-11-16T15:55:09.506949Z,read,key_68,77.03,true,false,7
2025-11-16T15:55:09.566949Z,read,key_39,42.04,true,false,9
2025-11-16T15:55:09.626949Z,read,key_30,52.11,true,false,8
2025-11-16T15:55:09.686949Z,read,key_96,30.15,true,false,8
2025-11-16T15:55:09.746949Z,read,key_6,41.63,true,false,8
2025-11-16T15:55:09.806949Z,write,key_54,1111.42,true,false,8
2025-11-16T15:55:09.866949Z,read,key_12,52.50,true,false,8
2025-11-16T15:55:09.926949Z,write,key_17,1010.16,true,false,3
2025-11-16T15:55:09.986949Z,read,key_76,62.41,true,false,10
2025-11-16T15:55:10.046949Z,read,key_82,57.78,true,false,1
2025-11-16T15:55:10.106949Z,read,key_6,54.87,true,false,10
2025-11-16T15:55:10.166949Z,read,key_26,57.58,true,false,1
2025-11-16T15:55:10.226949Z,read,key_86,53.07,true,false,7
2025-11-16T15:55:10.286949Z,read,key_61,45.56,true,false,6
2025-11-16T15:55:10.346949Z,read,key_9,57.67,true,false,6
2025-11-16T15:55:10.406949Z,read,key_63,67.25,true,false,10
2025-11-16T15:55:10.466949Z,read,key_79,37.26,true,false,6
2025-11-16T15:55:10.526949Z,read,key_94,22.49,true,false,5
2025-11-16T15:55:10.586949Z,read,key_53,44.31,true,false,5
2025-11-16T15:55:10.646949Z,read,key_63,54.56,true,false,8
2025-11-16T15:55:10.706949Z,read,key_11,58.47,true,false,9
2025-11-16T15:55:10.766949Z,read,key_2,37.19,true,false,5
2025-11-16T15:55:10.826949Z,write,key_90,1179.10,true,false,1
2025-11-16T15:55:10.886949Z,write,key_13,1391.95,true,false,1
2025-11-16T15:55:10.946949Z,read,key_0,33.01,true,false,9
2025-11-16T15:55:11.006949Z,read,key_85,51.59,true,false,10
2025-11-16T15:55:11.066949Z,read,key_37,40.07,true,false,9
2025-11-16T15:55:11.126949Z,read,key_90,67.23,true,false,6
2025-11-16T15:55:11.186949Z,write,key_26,1306.12,true,false,3
2025-11-16T15:55:11.246949Z,read,key_38,51.63,true,false,9
2025-11-16T15:55:11.306949Z,read,key_28,57.45,true,false,4
2025-11-16T15:55:11.366949Z,read,key_56,55.13,true,true,4
2025-11-16T15:55:11.426949Z,read,key_41,51.90,true,false,5
2025-11-16T15:55:11.486949Z,read,key_65,55.29,true,false,10
2025-11-16T15:55:11.546949Z,read,key_39,59.74,true,false,10
2025-11-16T15:55:11.606949Z,read,key_54,43.52,true,false,3
2025-11-16T15:55:11.666949Z,read,key_49,41.28,true,false,5
2025-11-16T15:55:11.726949Z,read,key_31,54.04,true,false,1
2025-11-16T15:55:11.786949Z,read,key_19,53.11,true,false,7
2025-11-16T15:55:11.846949Z,read,key_85,57.82,true,false,2
2025-11-16T15:55:11.906949Z,read,key_56,49.36,false,false,3
2025-11-16T15:55:11.966949Z,read,key_44,49.81,true,false,6
2025-11-16T15:55:12.026949Z,read,key_48,55.56,true,true,10
2025-11-16T15:55:12.086949Z,read,key_28,44.00,true,false,10
2025-11-16T15:55:12.146949Z,read,key_80,64.76,true,false,1
2025-11-16T15:55:12.206949Z,read,key_0,57.12,true,false,2
2025-11-16T15:55:12.266949Z,read,key_81,57.04,true,true,9
2025-11-16T15:55:12.326949Z,write,key_23,1363.66,true,false,9
2025-11-16T15:55:12.386949Z,read,key_22,20.19,true,false,3
2025-11-16T15:55:12.446949Z,read,key_96,58.75,true,false,10
2025-11-16T15:55:12.506949Z,read,key_38,57.41,true,false,7
2025-11-16T15:55:12.566949Z,read,key_22,41.17,true,false,2
2025-11-16T15:55:12.626949Z,read,key_27,65.07,true,false,5
2025-11-16T15:55:12.686949Z,read,key_37,37.46,true,false,3
2025-11-16T15:55:12.746949Z,read,key_90,55.90,true,false,2
2025-11-16T15:55:12.806949Z,read,key_71,39.20,true,false,2
2025-11-16T15:55:12.866949Z,read,key_83,51.33,true,false,5
2025-11-16T15:55:12.926949Z,read,key_45,50.52,true,false,2
2025-11-16T15:55:12.986949Z,read,key_98,59.15,true,false,7
2025-11-16T15:55:13.046949Z,read,key_48,56.33,true,false,10
2025-11-16T15:55:13.106949Z,read,key_74,50.30,true,false,4
2025-11-16T15:55:13.166949Z,read,key_9,62.60,true,false,8
2025-11-16T15:55:13.226949Z,read,key_55,43.47,true,false,1
2025-11-16T15:55:13.286949Z,read,key_88,45.36,true,false,5
2025-11-16T15:55:13.346949Z,read,key_18,42.33,true,false,6
2025-11-16T15:55:13.406949Z,read,key_43,45.38,true,true,7
2025-11-16T15:55:13.466949Z,read,key_32,48.77,true,false,5
2025-11-16T15:55:13.526949Z,read,key_75,50.04,true,true,1
2025-11-16T15:55:13.586949Z,read,key_59,28.97,true,false,5
2025-11-16T15:55:13.646949Z,read,key_5,59.92,true,false,9
2025-11-16T15:55:13.706949Z,write,key_11,1158.47,true,false,3
2025-11-16T15:55:13.766949Z,read,key_88,43.60,true,false,7
2025-11-16T15:55:13.826949Z,read,key_10,35.79,true,false,8
2025-11-16T15:55:13.886949Z,read,key_78,39.22,true,false,7
2025-11-16T15:55:13.946949Z,read,key_75,48.55,true,true,8
2025-11-16T15:55:14.006949Z,read,key_29,51.16,true,false,10
2025-11-16T15:55:14.066949Z,read,key_62,49.66,true,false,8
2025-11-16T15:55:14.126949Z,read,key_68,42.51,true,false,1
2025-11-16T15:55:14.186949Z,read,key_27,46.69,true,false,5
2025-11-16T15:55:14.246949Z,read,key_83,58.87,true,true,9
2025-11-16T15:55:14.306949Z,read,key_0,43.76,true,false,1
2025-11-16T15:55:14.366949Z,write,key_58,1433.26,true,false,4
2025-11-16T15:55:14.426949Z,read,key_17,47.36,true,false,6
2025-11-16T15:55:14.486949Z,read,key_66,42.61,true,false,7
2025-11-16T15:55:14.546949Z,read,key_46,57.11,true,false,2
2025-11-16T15:55:14.606949Z,read,key_40,56.83,true,false,8
2025-11-16T15:55:14.666949Z,read,key_4,59.23,true,false,7
2025-11-16T15:55:14.726949Z,read,key_6,60.11,true,false,2
2025-11-16T15:55:14.786949Z,read,key_48,33.50,true,false,1
2025-11-16T15:55:14.846949Z,read,key_7,57.41,true,false,6
2025-11-16T15:55:14.906949Z,read,key_3,62.46,true,false,4
2025-11-16T15:55:14.966949Z,read,key_80,55.65,true,false,2
2025-11-16T15:55:15.026949Z,read,key_52,41.36,true,false,5
2025-11-16T15:55:15.086949Z,read,key_59,38.30,true,false,3
2025-11-16T15:55:15.146949Z,read,key_95,29.58,true,false,3
2025-11-16T15:55:15.206949Z,read,key_51,67.28,true,false,10
2025-11-16T15:55:15.266949Z,write,key_35,1673.04,true,false,4
2025-11-16T15:55:15.326949Z,read,key_94,53.60,true,false,8
2025-11-16T15:55:15.386949Z,read,key_52,62.81,true,false,5
2025-11-16T15:55:15.446949Z,write,key_81,1298.18,true,false,2
2025-11-16T15:55:15.506949Z,read,key_28,57.15,true,false,4
2025-11-16T15:55:15.566949Z,read,key_99,49.94,true,false,3
2025-11-16T15:55:15.626949Z,read,key_31,49.68,true,false,4
2025-11-16T15:55:15.686949Z,write,key_31,1211.60,true,false,1
2025-11-16T15:55:15.746949Z,read,key_9,57.44,true,false,4
2025-11-16T15:55:15.806949Z,write,key_65,1416.69,true,false,4
2025-11-16T15:55:15.866949Z,read,key_84,42.33,true,false,9
2025-11-16T15:55:15.926949Z,read,key_57,38.85,true,false,8
2025-11-16T15:55:15.986949Z,read,key_60,51.28,true,true,5
2025-11-16T15:55:16.046949Z,write,key_47,862.26,true,false,10
2025-11-16T15:55:16.106949Z,read,key_2,39.25,false,false,3
2025-11-16T15:55:16.166949Z,read,key_24,51.88,true,false,10
2025-11-16T15:55:16.226949Z,read,key_22,20.89,true,false,10
2025-11-16T15:55:16.286949Z,read,key_57,50.53,true,false,3
2025-11-16T15:55:16.346949Z,write,key_96,1174.45,true,false,1
2025-11-16T15:55:16.406949Z,write,key_23,1382.23,true,false,2
2025-11-16T15:55:16.466949Z,read,key_38,69.03,true,false,8
2025-11-16T15:55:16.526949Z,read,key_61,63.39,true,false,4
2025-11-16T15:55:16.586949Z,read,key_39,27.54,true,false,6
2025-11-16T15:55:16.646949Z,read,key_22,43.15,false,false,9
2025-11-16T15:55:16.706949Z,read,key_22,55.73,true,false,3
2025-11-16T15:55:16.766949Z,read,key_43,50.53,true,false,5
2025-11-16T15:55:16.826949Z,read,key_87,40.26,true,false,10
2025-11-16T15:55:16.886949Z,read,key_62,36.94,true,false,1
2025-11-16T15:55:16.946949Z,read,key_32,44.01,true,false,9
2025-11-16T15:55:17.006949Z,read,key_12,40.10,true,false,4
2025-11-16T15:55:17.066949Z,read,key_86,58.02,true,false,8
2025-11-16T15:55:17.126949Z,read,key_39,60.90,true,false,5
2025-11-16T15:55:17.186949Z,read,key_84,56.81,true,false,3
2025-11-16T15:55:17.246949Z,read,key_65,52.36,false,false,6
2025-11-16T15:55:17.306949Z,read,key_32,47.65,true,false,6
2025-11-16T15:55:17.366949Z,read,key_25,28.49,true,false,1
2025-11-16T15:55:17.426949Z,read,key_75,61.50,true,true,8
2025-11-16T15:55:17.486949Z,read,key_17,56.25,true,true,8
2025-11-16T15:55:17.546949Z,read,key_18,39.74,true,false,1
2025-11-16T15:55:17.606949Z,read,key_17,41.41,true,false,7
2025-11-16T15:55:17.666949Z,write,key_58,1187.21,true,false,9
2025-11-16T15:55:17.726949Z,read,key_86,46.12,true,false,8
2025-11-16T15:55:17.786949Z,read,key_24,38.43,true,false,3
2025-11-16T15:55:17.846949Z,read,key_5,47.65,true,false,4
2025-11-16T15:55:17.906949Z,read,key_73,36.78,true,false,6
2025-11-16T15:55:17.966949Z,read,key_77,59.27,true,false,2
2025-11-16T15:55:18.026949Z,read,key_23,39.10,true,false,2
2025-11-16T15:55:18.086949Z,read,key_70,62.86,true,true,9
2025-11-16T15:55:18.146949Z,read,key_57,23.61,true,false,3
2025-11-16T15:55:18.206949Z,read,key_31,46.63,true,false,5
2025-11-16T15:55:18.266949Z,write,key_49,1349.55,true,false,2
2025-11-16T15:55:18.326949Z,read,key_26,50.98,true,false,10
2025-11-16T15:55:18.386949Z,read,key_38,57.64,true,false,9
2025-11-16T15:55:18.446949Z,read,key_79,56.97,true,false,10
2025-11-16T15:55:18.506949Z,read,key_23,43.57,true,false,8
2025-11-16T15:55:18.566949Z,read,key_11,53.13,true,false,1
2025-11-16T15:55:18.626949Z,read,key_46,48.39,true,false,1
2025-11-16T15:55:18.686949Z,read,key_19,57.81,true,true,7
2025-11-16T15:55:18.746949Z,read,key_31,71.32,true,false,9
2025-11-16T15:55:18.806949Z,read,key_68,60.72,true,false,8
2025-11-16T15:55:18.866949Z,read,key_70,43.25,true,false,5
2025-11-16T15:55:18.926949Z,read,key_50,40.46,true,false,8
2025-11-16T15:55:18.986949Z,read,key_70,41.98,true,true,9
2025-11-16T15:55:19.046949Z,read,key_47,30.31,true,false,10
2025-11-16T15:55:19.106949Z,read,key_21,37.80,true,false,6
2025-11-16T15:55:19.166949Z,read,key_0,49.33,true,false,4
2025-11-16T15:55:19.226949Z,write,key_49,1171.05,true,false,1
2025-11-16T15:55:19.286949Z,read,key_96,57.05,false,false,5
2025-11-16T15:55:19.346949Z,read,key_35,39.05,true,false,8
2025-11-16T15:55:19.406949Z,read,key_1,59.12,true,false,10
2025-11-16T15:55:19.466949Z,read,key_0,56.90,true,true,3
2025-11-16T15:55:19.526949Z,read,key_19,45.92,true,false,2
2025-11-16T15:55:19.586949Z,read,key_32,43.54,true,false,10
2025-11-16T15:55:19.646949Z,read,key_52,51.50,false,false,4
2025-11-16T15:55:19.706949Z,read,key_71,29.35,true,true,9
2025-11-16T15:55:19.766949Z,read,key_21,47.45,true,false,6
2025-11-16T15:55:19.826949Z,write,key_29,1178.52,true,false,1
2025-11-16T15:55:19.886949Z,read,key_1,31.32,true,false,2
2025-11-16T15:55:19.946949Z,read,key_15,56.11,true,true,6
2025-11-16T15:55:20.006949Z,read,key_83,44.26,true,false,5
2025-11-16T15:55:20.066949Z,read,key_91,39.53,true,false,1
2025-11-16T15:55:20.126949Z,read,key_6,23.63,false,false,1
2025-11-16T15:55:20.186949Z,read,key_70,45.21,true,false,6
2025-11-16T15:55:20.246949Z,read,key_14,45.67,true,false,3
2025-11-16T15:55:20.306949Z,read,key_51,49.08,true,false,6
2025-11-16T15:55:20.366949Z,read,key_18,59.30,true,false,2
2025-11-16T15:55:20.426949Z,read,key_43,43.40,true,false,6
2025-11-16T15:55:20.486949Z,read,key_91,52.03,true,false,9
2025-11-16T15:55:20.546949Z,read,key_83,51.61,false,false,9
2025-11-16T15:55:20.606949Z,read,key_7,45.20,true,false,6
2025-11-16T15:55:20.666949Z,read,key_35,51.48,true,false,2
2025-11-16T15:55:20.726949Z,read,key_10,47.45,true,false,3
2025-11-16T15:55:20.786949Z,read,key_51,45.21,true,false,1
2025-11-16T15:55:20.846949Z,read,key_17,58.81,true,true,5
2025-11-16T15:55:20.906949Z,read,key_19,43.63,true,false,2
2025-11-16T15:55:20.966949Z,read,key_55,40.32,true,true,1
2025-11-16T15:55:21.026949Z,read,key_83,51.45,true,false,2
2025-11-16T15:55:21.086949Z,read,key_93,52.85,true,false,1
2025-11-16T15:55:21.146949Z,read,key_66,35.31,false,false,2
2025-11-16T15:55:21.206949Z,write,key_93,1378.95,true,false,5
2025-11-16T15:55:21.266949Z,read,key_73,50.29,true,false,3
2025-11-16T15:55:21.326949Z,read,key_54,49.84,true,false,4
2025-11-16T15:55:21.386949Z,read,key_92,44.59,true,false,1
2025-11-16T15:55:21.446949Z,read,key_43,57.05,true,false,8
2025-11-16T15:55:21.506949Z,write,key_59,847.98,true,false,7
2025-11-16T15:55:21.566949Z,read,key_58,39.54,true,true,4
2025-11-16T15:55:21.626949Z,read,key_67,50.50,true,false,2
2025-11-16T15:55:21.686949Z,read,key_83,41.58,true,true,2
2025-11-16T15:55:21.746949Z,write,key_16,892.40,true,false,3
2025-11-16T15:55:21.806949Z,read,key_21,29.32,true,false,7
2025-11-16T15:55:21.866949Z,read,key_35,50.52,true,false,2
2025-11-16T15:55:21.926949Z,read,key_39,65.50,true,false,3
2025-11-16T15:55:21.986949Z,read,key_91,53.11,true,false,8
2025-11-16T15:55:22.046949Z,read,key_44,42.81,true,false,9
2025-11-16T15:55:22.106949Z,read,key_20,55.36,true,false,5
2025-11-16T15:55:22.166949Z,read,key_18,45.67,true,false,9
2025-11-16T15:55:22.226949Z,read,key_49,48.33,true,true,1
2025-11-16T15:55:22.286949Z,read,key_77,57.43,true,false,6
2025-11-16T15:55:22.346949Z,read,key_43,45.57,true,false,2
2025-11-16T15:55:22.406949Z,write,key_79,1549.71,true,false,4
2025-11-16T15:55:22.466949Z,read,key_43,66.33,true,false,5
2025-11-16T15:55:22.526949Z,read,key_85,45.65,true,false,1
2025-11-16T15:55:22.586949Z,read,key_92,49.78,true,false,1
2025-11-16T15:55:22.646949Z,read,key_6,49.28,true,true,10
2025-11-16T15:55:22.706949Z,read,key_85,43.89,true,false,6
2025-11-16T15:55:22.766949Z,read,key_89,48.74,true,false,6
2025-11-16T15:55:22.826949Z,read,key_26,46.02,true,false,5
2025-11-16T15:55:22.886949Z,read,key_25,57.93,true,false,6
2025-11-16T15:55:22.946949Z,read,key_37,60.29,true,false,5
2025-11-16T15:55:23.006949Z,read,key_72,62.07,true,false,4
2025-11-16T15:55:23.066949Z,read,key_36,37.67,true,false,4
2025-11-16T15:55:23.126949Z,read,key_41,71.72,true,false,6
2025-11-16T15:55:23.186949Z,read,key_94,39.87,true,false,3
2025-11-16T15:55:23.246949Z,read,key_69,47.02,true,false,1
2025-11-16T15:55:23.306949Z,read,key_55,47.90,true,false,10
2025-11-16T15:55:23.366949Z,read,key_23,63.27,true,true,4
2025-11-16T15:55:23.426949Z,write,key_42,1456.32,true,false,3
2025-11-16T15:55:23.486949Z,read,key_8,52.66,true,false,10
2025-11-16T15:55:23.546949Z,write,key_46,1129.73,true,false,10
2025-11-16T15:55:23.606949Z,read,key_97,61.18,true,false,3
2025-11-16T15:55:23.666949Z,read,key_48,48.62,true,false,6
2025-11-16T15:55:23.726949Z,read,key_46,63.37,true,false,7
2025-11-16T15:55:23.786949Z,write,key_36,1091.53,true,false,7
2025-11-16T15:55:23.846949Z,read,key_89,46.34,true,false,8
2025-11-16T15:55:23.906949Z,read,key_23,61.77,true,false,9
2025-11-16T15:55:23.966949Z,read,key_40,52.46,true,true,9
2025-11-16T15:55:24.026949Z,read,key_92,41.01,true,false,8
2025-11-16T15:55:24.086949Z,read,key_82,36.24,false,false,10
2025-11-16T15:55:24.146949Z,read,key_6,56.63,true,false,10
2025-11-16T15:55:24.206949Z,write,key_80,1002.37,true,false,5
2025-11-16T15:55:24.266949Z,write,key_39,1444.39,true,false,10
2025-11-16T15:55:24.326949Z,read,key_91,48.83,true,false,2
2025-11-16T15:55:24.386949Z,read,key_47,60.89,true,false,2
2025-11-16T15:55:24.446949Z,read,key_76,66.46,true,false,8
2025-11-16T15:55:24.506949Z,read,key_48,49.02,true,false,7
2025-11-16T15:55:24.566949Z,read,key_94,53.52,true,false,10
2025-11-16T15:55:24.626949Z,read,key_48,61.77,true,false,6
2025-11-16T15:55:24.686949Z,read,key_60,51.19,true,true,2
2025-11-16T15:55:24.746949Z,read,key_52,57.11,true,false,3
2025-11-16T15:55:24.806949Z,read,key_86,42.88,true,false,9
2025-11-16T15:55:24.866949Z,read,key_78,45.45,true,true,3
2025-11-16T15:55:24.926949Z,read,key_24,40.68,true,false,7
2025-11-16T15:55:24.986949Z,read,key_10,57.84,true,false,7
2025-11-16T15:55:25.046949Z,read,key_11,53.18,true,false,9
2025-11-16T15:55:25.106949Z,read,key_79,53.00,true,false,9
2025-11-16T15:55:25.166949Z,read,key_71,60.22,true,false,8
2025-11-16T15:55:25.226949Z,read,key_33,39.68,true,false,2
2025-11-16T15:55:25.286949Z,read,key_52,62.03,true,false,9
2025-11-16T15:55:25.346949Z,read,key_29,59.28,true,false,3
2025-11-16T15:55:25.406949Z,read,key_66,66.72,true,false,5
2025-11-16T15:55:25.466949Z,read,key_26,55.83,true,false,3
2025-11-16T15:55:25.526949Z,read,key_37,58.55,true,false,6
2025-11-16T15:55:25.586949Z,read,key_60,57.33,true,false,4
2025-11-16T15:55:25.646949Z,read,key_55,51.44,true,false,4
2025-11-16T15:55:25.706949Z,read,key_7,52.76,true,false,2
2025-11-16T15:55:25.766949Z,read,key_11,59.43,true,false,3
2025-11-16T15:55:25.826949Z,read,key_3,43.88,true,false,6
2025-11-16T15:55:25.886949Z,read,key_14,68.25,true,false,10
2025-11-16T15:55:25.946949Z,read,key_63,51.86,true,false,3
2025-11-16T15:55:26.006949Z,read,key_86,45.38,true,false,10
2025-11-16T15:55:26.066949Z,read,key_37,44.96,true,false,6
2025-11-16T15:55:26.126949Z,read,key_14,57.74,true,false,5
2025-11-16T15:55:26.186949Z,read,key_11,35.83,true,false,3
2025-11-16T15:55:26.246949Z,read,key_71,54.46,true,false,3
2025-11-16T15:55:26.306949Z,read,key_53,29.05,true,false,1
2025-11-16T15:55:26.366949Z,read,key_83,54.07,true,false,2
2025-11-16T15:55:26.426949Z,read,key_72,46.46,true,false,7
2025-11-16T15:55:26.486949Z,write,key_39,1322.49,true,false,2
2025-11-16T15:55:26.546949Z,read,key_25,46.16,true,false,10
2025-11-16T15:55:26.606949Z,write,key_72,1291.47,true,false,9
2025-11-16T15:55:26.666949Z,read,key_58,49.93,true,false,5
2025-11-16T15:55:26.726949Z,read,key_18,53.04,true,false,7
2025-11-16T15:55:26.786949Z,write,key_54,948.94,true,false,7
2025-11-16T15:55:26.846949Z,read,key_5,51.85,true,false,7
2025-11-16T15:55:26.906949Z,read,key_65,50.08,true,false,8
2025-11-16T15:55:26.966949Z,read,key_98,54.14,true,false,3
2025-11-16T15:55:27.026949Z,read,key_47,51.66,true,false,8
2025-11-16T15:55:27.086949Z,read,key_30,51.59,true,false,9
2025-11-16T15:55:27.146949Z,read,key_11,54.87,true,false,10
2025-11-16T15:55:27.206949Z,read,key_4,37.40,true,false,10
2025-11-16T15:55:27.266949Z,read,key_69,62.84,true,false,5
2025-11-16T15:55:27.326949Z,read,key_67,49.48,true,false,7
2025-11-16T15:55:27.386949Z,read,key_13,39.22,true,false,4
2025-11-16T15:55:27.446949Z,read,key_17,49.31,true,false,8
2025-11-16T15:55:27.506949Z,read,key_72,52.75,true,false,8
2025-11-16T15:55:27.566949Z,read,key_68,40.20,true,false,5
2025-11-16T15:55:27.626949Z,read,key_39,49.67,true,false,1
2025-11-16T15:55:27.686949Z,write,key_55,1174.99,true,false,10
2025-11-16T15:55:27.746949Z,read,key_94,68.57,true,false,7
2025-11-16T15:55:27.806949Z,read,key_8,41.60,true,false,5
2025-11-16T15:55:27.866949Z,read,key_63,37.37,true,false,2
2025-11-16T15:55:27.926949Z,read,key_95,53.84,true,false,8
2025-11-16T15:55:27.986949Z,read,key_66,41.91,true,false,4
2025-11-16T15:55:28.046949Z,write,key_99,1321.11,true,false,4
2025-11-16T15:55:28.106949Z,read,key_78,59.03,true,false,4
2025-11-16T15:55:28.166949Z,read,key_91,55.37,true,false,9
2025-11-16T15:55:28.226949Z,read,key_13,38.93,true,false,4
2025-11-16T15:55:28.286949Z,read,key_98,48.58,true,false,6
2025-11-16T15:55:28.346949Z,read,key_13,31.36,true,false,10
2025-11-16T15:55:28.406949Z,read,key_23,55.92,true,false,9
2025-11-16T15:55:28.466949Z,read,key_9,53.41,true,false,7
2025-11-16T15:55:28.526949Z,read,key_33,52.93,true,false,6
2025-11-16T15:55:28.586949Z,read,key_8,54.61,true,false,8
2025-11-16T15:55:28.646949Z,read,key_83,18.38,true,false,7
2025-11-16T15:55:28.706949Z,read,key_69,48.06,false,false,8
2025-11-16T15:55:28.766949Z,read,key_52,49.45,true,false,5
2025-11-16T15:55:28.826949Z,read,key_56,53.91,true,false,7
2025-11-16T15:55:28.886949Z,read,key_25,47.24,true,true,3
2025-11-16T15:55:28.946949Z,read,key_67,70.28,true,false,3
2025-11-16T15:55:29.006949Z,read,key_68,48.46,true,false,8
2025-11-16T15:55:29.066949Z,write,key_30,831.98,false,false,6
2025-11-16T15:55:29.126949Z,read,key_79,41.75,true,false,4
2025-11-16T15:55:29.186949Z,read,key_74,49.63,true,false,1
2025-11-16T15:55:29.246949Z,read,key_78,58.77,true,false,10
2025-11-16T15:55:29.306949Z,read,key_76,45.93,true,false,4
2025-11-16T15:55:29.366949Z,read,key_73,53.56,true,false,10
2025-11-16T15:55:29.426949Z,read,key_56,52.42,true,false,10
2025-11-16T15:55:29.486949Z,read,key_61,38.61,true,false,1
2025-11-16T15:55:29.546949Z,write,key_35,1383.78,true,false,6
2025-11-16T15:55:29.606949Z,read,key_80,47.25,true,false,2
2025-11-16T15:55:29.666949Z,read,key_5,52.57,true,false,5
2025-11-16T15:55:29.726949Z,read,key_62,39.45,true,false,8
2025-11-16T15:55:29.786949Z,read,key_68,42.34,true,false,6
2025-11-16T15:55:29.846949Z,read,key_90,56.67,true,true,8
2025-11-16T15:55:29.906949Z,read,key_74,44.63,true,false,1
2025-11-16T15:55:29.966949Z,read,key_58,54.08,true,false,7
2025-11-16T15:55:30.026949Z,write,key_20,787.18,true,false,2
2025-11-16T15:55:30.086949Z,read,key_83,61.67,true,false,10
2025-11-16T15:55:30.146949Z,read,key_27,42.88,true,false,4
2025-11-16T15:55:30.206949Z,read,key_60,65.35,true,false,3
2025-11-16T15:55:30.266949Z,read,key_7,44.61,true,false,7
2025-11-16T15:55:30.326949Z,read,key_66,36.68,true,false,7
2025-11-16T15:55:30.386949Z,read,key_22,55.78,true,false,3
2025-11-16T15:55:30.446949Z,read,key_38,37.90,true,false,3
2025-11-16T15:55:30.506949Z,read,key_96,50.95,true,false,2
2025-11-16T15:55:30.566949Z,read,key_60,46.54,true,true,8
2025-11-16T15:55:30.626949Z,read,key_86,49.98,true,false,3
2025-11-16T15:55:30.686949Z,read,key_55,39.70,true,false,4
2025-11-16T15:55:30.746949Z,read,key_50,64.75,true,false,9
2025-11-16T15:55:30.806949Z,read,key_10,48.13,true,false,4
2025-11-16T15:55:30.866949Z,read,key_23,36.03,true,false,2
2025-11-16T15:55:30.926949Z,read,key_64,32.96,true,false,7
2025-11-16T15:55:30.986949Z,read,key_83,76.95,true,false,8
2025-11-16T15:55:31.046949Z,read,key_6,66.80,true,false,2
2025-11-16T15:55:31.106949Z,read,key_1,55.16,true,false,6
2025-11-16T15:55:31.166949Z,write,key_45,967.28,true,false,7
2025-11-16T15:55:31.226949Z,read,key_97,63.81,true,false,3
2025-11-16T15:55:31.286949Z,read,key_36,39.75,true,false,8
2025-11-16T15:55:31.346949Z,read,key_63,43.59,true,false,2
2025-11-16T15:55:31.406949Z,read,key_82,56.64,true,false,4
2025-11-16T15:55:31.466949Z,read,key_0,45.25,true,false,7
2025-11-16T15:55:31.526949Z,read,key_35,36.51,true,false,10
2025-11-16T15:55:31.586949Z,read,key_36,50.60,true,false,4
2025-11-16T15:55:31.646949Z,read,key_56,32.53,true,false,5
2025-11-16T15:55:31.706949Z,write,key_41,1122.28,true,false,8
2025-11-16T15:55:31.766949Z,read,key_34,46.09,true,false,7
2025-11-16T15:55:31.826949Z,read,key_87,53.31,true,false,1
2025-11-16T15:55:31.886949Z,write,key_97,1266.61,true,false,7
2025-11-16T15:55:31.946949Z,read,key_11,60.97,true,true,2
2025-11-16T15:55:32.006949Z,read,key_87,46.81,true,false,7
2025-11-16T15:55:32.066949Z,read,key_68,60.68,true,false,1
2025-11-16T15:55:32.126949Z,read,key_30,54.60,true,false,3
2025-11-16T15:55:32.186949Z,read,key_93,50.39,true,false,10
2025-11-16T15:55:32.246949Z,write,key_88,1123.38,true,false,7
2025-11-16T15:55:32.306949Z,read,key_31,60.76,true,false,1
2025-11-16T15:55:32.366949Z,read,key_84,60.42,true,false,2
2025-11-16T15:55:32.426949Z,write,key_37,1145.19,true,false,9
2025-11-16T15:55:32.486949Z,read,key_6,47.44,true,false,10
2025-11-16T15:55:32.546949Z,read,key_24,48.70,true,false,3
2025-11-16T15:55:32.606949Z,write,key_51,1401.25,true,false,6
2025-11-16T15:55:32.666949Z,read,key_29,42.06,true,true,4
2025-11-16T15:55:32.726949Z,read,key_56,36.01,true,false,10
2025-11-16T15:55:32.786949Z,read,key_91,46.02,true,false,6
2025-11-16T15:55:32.846949Z,read,key_51,68.44,false,false,9
2025-11-16T15:55:32.906949Z,read,key_46,48.16,true,false,7
2025-11-16T15:55:32.966949Z,read,key_27,56.12,true,true,1
2025-11-16T15:55:33.026949Z,read,key_3,57.44,true,false,4
2025-11-16T15:55:33.086949Z,write,key_68,1306.80,true,false,2
2025-11-16T15:55:33.146949Z,read,key_84,38.85,true,false,9
2025-11-16T15:55:33.206949Z,read,key_68,50.00,true,false,8
2025-11-16T15:55:33.266949Z,read,key_67,59.34,true,false,4
2025-11-16T15:55:33.326949Z,read,key_40,51.46,true,false,3
2025-11-16T15:55:33.386949Z,read,key_59,56.97,true,true,5
2025-11-16T15:55:33.446949Z,write,key_26,1648.31,true,false,2
2025-11-16T15:55:33.506949Z,read,key_91,56.58,true,false,3
2025-11-16T15:55:33.566949Z,write,key_10,1099.96,true,false,3
2025-11-16T15:55:33.626949Z,read,key_17,51.98,true,false,10
2025-11-16T15:55:33.686949Z,read,key_31,61.43,true,false,2
2025-11-16T15:55:33.746949Z,read,key_63,43.05,true,false,3
2025-11-16T15:55:33.806949Z,read,key_90,60.17,true,false,3
2025-11-16T15:55:33.866949Z,read,key_48,44.88,true,false,7
2025-11-16T15:55:33.926949Z,read,key_14,53.09,true,false,7
2025-11-16T15:55:33.986949Z,read,key_6,63.71,true,false,3
2025-11-16T15:55:34.046949Z,read,key_96,35.59,true,false,10
2025-11-16T15:55:34.106949Z,read,key_38,44.88,true,true,6
2025-11-16T15:55:34.166949Z,read,key_96,57.92,true,false,8
2025-11-16T15:55:34.226949Z,read,key_1,55.26,true,false,2
2025-11-16T15:55:34.286949Z,write,key_53,1124.73,true,false,8
2025-11-16T15:55:34.346949Z,read,key_85,50.62,true,false,9
2025-11-16T15:55:34.406949Z,read,key_35,44.49,true,false,3
2025-11-16T15:55:34.466949Z,read,key_19,54.12,true,false,4
2025-11-16T15:55:34.526949Z,write,key_32,825.26,false,false,1
2025-11-16T15:55:34.586949Z,read,key_86,52.88,true,false,3
2025-11-16T15:55:34.646949Z,read,key_38,50.53,true,false,10
2025-11-16T15:55:34.706949Z,read,key_52,39.91,true,false,4
2025-11-16T15:55:34.766949Z,write,key_45,1011.06,true,false,9
2025-11-16T15:55:34.826949Z,write,key_34,1468.34,true,false,6
2025-11-16T15:55:34.886949Z,read,key_76,45.71,true,false,4
2025-11-16T15:55:34.946949Z,read,key_7,49.71,true,false,2
2025-11-16T15:55:35.006949Z,read,key_73,48.65,true,false,1
2025-11-16T15:55:35.066949Z,write,key_35,901.62,true,false,9
2025-11-16T15:55:35.126949Z,read,key_43,45.31,true,false,1
2025-11-16T15:55:35.186949Z,read,key_4,58.32,true,false,10
2025-11-16T15:55:35.246949Z,read,key_0,58.33,true,true,5
2025-11-16T15:55:35.306949Z,write,key_37,1575.96,true,false,1
2025-11-16T15:55:35.366949Z,read,key_98,34.79,true,true,2
2025-11-16T15:55:35.426949Z,read,key_2,55.21,true,false,2
2025-11-16T15:55:35.486949Z,read,key_72,40.80,false,false,10
2025-11-16T15:55:35.546949Z,read,key_2,48.03,true,false,1
2025-11-16T15:55:35.606949Z,read,key_58,62.68,true,false,6
2025-11-16T15:55:35.666949Z,read,key_37,58.01,true,false,5
2025-11-16T15:55:35.726949Z,read,key_15,59.44,true,false,9
2025-11-16T15:55:35.786949Z,read,key_11,33.88,true,false,4
2025-11-16T15:55:35.846949Z,read,key_27,57.84,true,false,2
2025-11-16T15:55:35.906949Z,read,key_30,34.79,true,true,4
2025-11-16T15:55:35.966949Z,read,key_49,62.70,true,false,1
2025-11-16T15:55:36.026949Z,read,key_85,35.73,true,false,6
2025-11-16T15:55:36.086949Z,read,key_89,53.96,true,false,10
2025-11-16T15:55:36.146949Z,read,key_91,54.18,true,false,1
2025-11-16T15:55:36.206949Z,read,key_77,60.72,true,false,10
2025-11-16T15:55:36.266949Z,read,key_63,42.92,true,false,9
2025-11-16T15:55:36.326949Z,write,key_89,1319.84,true,false,1
2025-11-16T15:55:36.386949Z,read,key_53,54.48,true,false,5
2025-11-16T15:55:36.446949Z,read,key_76,49.41,true,false,2
2025-11-16T15:55:36.506949Z,read,key_23,43.85,true,false,9
2025-11-16T15:55:36.566949Z,read,key_82,47.44,true,false,5
2025-11-16T15:55:36.626949Z,read,key_4,58.54,true,false,7
2025-11-16T15:55:36.686949Z,read,key_36,65.74,true,false,2
2025-11-16T15:55:36.746949Z,read,key_64,58.34,false,false,7
2025-11-16T15:55:36.806949Z,read,key_28,53.50,true,false,1
2025-11-16T15:55:36.866949Z,read,key_27,55.09,true,false,7
2025-11-16T15:55:36.926949Z,read,key_55,35.07,true,false,5
2025-11-16T15:55:36.986949Z,read,key_27,46.50,true,false,3
2025-11-16T15:55:37.046949Z,read,key_18,64.40,true,false,10
2025-11-16T15:55:37.106949Z,read,key_3,26.12,true,false,1
2025-11-16T15:55:37.166949Z,read,key_98,58.14,true,false,6
2025-11-16T15:55:37.226949Z,read,key_95,44.87,true,false,3
2025-11-16T15:55:37.286949Z,read,key_78,54.93,true,false,3
2025-11-16T15:55:37.346949Z,write,key_58,1011.58,true,false,1
2025-11-16T15:55:37.406949Z,write,key_9,1197.86,true,false,2
2025-11-16T15:55:37.466949Z,read,key_45,52.69,true,false,3
2025-11-16T15:55:37.526949Z,read,key_20,64.82,true,false,2
2025-11-16T15:55:37.586949Z,read,key_33,63.06,true,false,10
2025-11-16T15:55:37.646949Z,read,key_40,49.00,true,false,6
2025-11-16T15:55:37.706949Z,read,key_8,59.16,true,false,8
2025-11-16T15:55:37.766949Z,read,key_17,54.83,false,false,1
2025-11-16T15:55:37.826949Z,read,key_96,35.22,true,false,6
2025-11-16T15:55:37.886949Z,read,key_29,53.13,true,false,2
2025-11-16T15:55:37.946949Z,read,key_16,44.11,true,false,6
2025-11-16T15:55:38.006949Z,read,key_39,46.31,true,false,4
2025-11-16T15:55:38.066949Z,read,key_32,49.70,true,false,7
2025-11-16T15:55:38.126949Z,read,key_43,30.03,true,false,8
2025-11-16T15:55:38.186949Z,read,key_51,51.38,true,false,10
2025-11-16T15:55:38.246949Z,read,key_84,25.99,true,false,3
2025-11-16T15:55:38.306949Z,read,key_94,61.18,false,false,5
2025-11-16T15:55:38.366949Z,read,key_74,44.92,true,false,5
2025-11-16T15:55:38.426949Z,read,key_89,56.67,true,false,8
2025-11-16T15:55:38.486949Z,read,key_15,63.27,true,true,6
2025-11-16T15:55:38.546949Z,read,key_53,44.06,true,false,7
2025-11-16T15:55:38.606949Z,read,key_51,53.83,true,false,5
2025-11-16T15:55:38.666949Z,read,key_66,49.82,true,false,6
2025-11-16T15:55:38.726949Z,read,key_20,51.27,true,false,9
2025-11-16T15:55:38.786949Z,write,key_19,1422.87,true,false,9
2025-11-16T15:55:38.846949Z,read,key_8,53.30,true,false,7
2025-11-16T15:55:38.906949Z,read,key_74,65.73,true,false,4
2025-11-16T15:55:38.966949Z,read,key_90,55.07,true,false,8
2025-11-16T15:55:39.026949Z,read,key_47,37.87,true,false,3
2025-11-16T15:55:39.086949Z,read,key_84,56.29,true,false,9
2025-11-16T15:55:39.146949Z,read,key_44,53.58,true,false,1
2025-11-16T15:55:39.206949Z,read,key_38,38.15,true,false,10
2025-11-16T15:55:39.266949Z,read,key_4,54.88,true,true,8
2025-11-16T15:55:39.326949Z,read,key_60,56.26,true,false,2
2025-11-16T15:55:39.386949Z,read,key_63,47.07,true,true,8
2025-11-16T15:55:39.446949Z,read,key_32,49.18,true,true,5
2025-11-16T15:55:39.506949Z,read,key_5,61.14,true,false,8
2025-11-16T15:55:39.566949Z,read,key_92,58.30,true,false,9
2025-11-16T15:55:39.626949Z,read,key_99,31.02,true,true,10
2025-11-16T15:55:39.686949Z,read,key_56,48.53,true,true,6
2025-11-16T15:55:39.746949Z,read,key_49,72.79,true,false,10
2025-11-16T15:55:39.806949Z,read,key_30,50.54,true,false,10
2025-11-16T15:55:39.866949Z,read,key_0,59.09,true,false,1
2025-11-16T15:55:39.926949Z,read,key_66,45.37,true,false,6
2025-11-16T15:55:39.986949Z,read,key_14,59.95,true,true,6
2025-11-16T15:55:40.046949Z,read,key_30,43.37,true,true,10
2025-11-16T15:55:40.106949Z,read,key_86,42.72,true,false,8
2025-11-16T15:55:40.166949Z,write,key_17,924.59,true,false,6
2025-11-16T15:55:40.226949Z,write,key_29,1248.71,true,false,3
2025-11-16T15:55:40.286949Z,read,key_2,41.82,true,false,4
2025-11-16T15:55:40.346949Z,read,key_91,53.45,true,false,5
2025-11-16T15:55:40.406949Z,read,key_74,38.91,true,false,6
2025-11-16T15:55:40.466949Z,read,key_83,52.93,false,false,4
2025-11-16T15:55:40.526949Z,read,key_73,48.27,true,false,7
2025-11-16T15:55:40.586949Z,read,key_78,40.80,true,false,7
2025-11-16T15:55:40.646949Z,read,key_6,25.25,true,false,3
2025-11-16T15:55:40.706949Z,read,key_71,55.49,true,false,5
2025-11-16T15:55:40.766949Z,read,key_8,53.23,true,false,7
2025-11-16T15:55:40.826949Z,read,key_54,53.51,true,false,10
2025-11-16T15:55:40.886949Z,read,key_33,36.63,true,false,9
2025-11-16T15:55:40.946949Z,read,key_62,53.91,true,false,9
2025-11-16T15:55:41.006949Z,read,key_56,57.57,true,false,7
2025-11-16T15:55:41.066949Z,read,key_36,42.57,true,false,9
2025-11-16T15:55:41.126949Z,read,key_78,66.63,true,false,6
2025-11-16T15:55:41.186949Z,read,key_90,55.18,true,false,5
2025-11-16T15:55:41.246949Z,read,key_12,63.64,true,false,6
2025-11-16T15:55:41.306949Z,read,key_89,62.92,true,false,4
2025-11-16T15:55:41.366949Z,read,key_63,68.19,true,false,4
2025-11-16T15:55:41.426949Z,read,key_71,70.15,true,false,4
2025-11-16T15:55:41.486949Z,read,key_26,59.81,false,false,8
2025-11-16T15:55:41.546949Z,read,key_95,44.35,true,false,6
2025-11-16T15:55:41.606949Z,read,key_82,48.25,true,false,5
2025-11-16T15:55:41.666949Z,read,key_41,33.63,true,false,5
2025-11-16T15:55:41.726949Z,write,key_46,1163.71,true,false,10
2025-11-16T15:55:41.786949Z,read,key_68,40.52,true,false,3
2025-11-16T15:55:41.846949Z,read,key_62,53.80,true,false,3
2025-11-16T15:55:41.906949Z,read,key_29,48.12,true,false,2
2025-11-16T15:55:41.966949Z,read,key_68,23.39,true,false,5
2025-11-16T15:55:42.026949Z,read,key_8,63.48,false,false,9
