{
  "config": "Leaderless W=5 R=1 (1% writes, 99% reads)",
  "total_requests": 5392,
  "total_writes": 49,
  "total_reads": 5343,
  "successful_requests": 5392,
  "failed_requests": 0,
  "stale_reads": 0,
  "write_latency": {
    "min_ms": 301.892459,
    "max_ms": 305.355667,
    "mean_ms": 303.3547177959184,
    "median_ms": 303.33325,
    "p50_ms": 303.33325,
    "p95_ms": 304.957834,
    "p99_ms": 305.355667,
    "p999_ms": 305.355667
  },
  "read_latency": {
    "min_ms": 0.151917,
    "max_ms": 3.103166,
    "mean_ms": 0.6980384592925335,
    "median_ms": 0.677417,
    "p50_ms": 0.677417,
    "p95_ms": 0.908375,
    "p99_ms": 1.278625,
    "p999_ms": 2.605625
  },
  "start_time": "2025-11-16T16:43:39.212996-08:00",
  "end_time": "2025-11-16T16:44:39.203697-08:00",
  "duration": "59.991118041s"
}
