{
  "config": "Leaderless W=5 R=1 (50% writes, 50% reads)",
  "total_requests": 3863,
  "total_writes": 1970,
  "total_reads": 1893,
  "successful_requests": 3863,
  "failed_requests": 0,
  "stale_reads": 0,
  "write_latency": {
    "min_ms": 300.800666,
    "max_ms": 312.655791,
    "mean_ms": 304.53197468020295,
    "median_ms": 304.373042,
    "p50_ms": 304.373042,
    "p95_ms": 307.047417,
    "p99_ms": 308.390083,
    "p999_ms": 311.7695
  },
  "read_latency": {
    "min_ms": 0.084291,
    "max_ms": 4.049,
    "mean_ms": 0.545287173269942,
    "median_ms": 0.466917,
    "p50_ms": 0.466917,
    "p95_ms": 1.122708,
    "p99_ms": 2.091,
    "p999_ms": 3.922417
  },
  "start_time": "2025-11-16T16:45:39.605664-08:00",
  "end_time": "2025-11-16T16:46:39.567911-08:00",
  "duration": "59.962663542s"
}
