{
  "config": "Leaderless W=5 R=1 (10% writes, 90% reads)",
  "total_requests": 5406,
  "total_writes": 541,
  "total_reads": 4865,
  "successful_requests": 5406,
  "failed_requests": 0,
  "stale_reads": 0,
  "write_latency": {
    "min_ms": 301.592666,
    "max_ms": 307.898375,
    "mean_ms": 303.4263820887246,
    "median_ms": 303.197458,
    "p50_ms": 303.197458,
    "p95_ms": 305.361208,
    "p99_ms": 306.670083,
    "p999_ms": 307.898375
  },
  "read_latency": {
    "min_ms": 0.160208,
    "max_ms": 3.543458,
    "mean_ms": 0.7490193833504631,
    "median_ms": 0.67125,
    "p50_ms": 0.67125,
    "p95_ms": 1.348375,
    "p99_ms": 2.60875,
    "p999_ms": 3.195041
  },
  "start_time": "2025-11-16T16:44:39.262451-08:00",
  "end_time": "2025-11-16T16:45:39.25416-08:00",
  "duration": "59.992126625s"
}
