{
  "config": "Leader-Follower W=3 R=3 (1% writes, 99% reads)",
  "total_requests": 5043,
  "total_writes": 51,
  "total_reads": 4992,
  "successful_requests": 5028,
  "failed_requests": 15,
  "stale_reads": 0,
  "write_latency": {
    "min_ms": 302.4495,
    "max_ms": 306.875667,
    "mean_ms": 304.8852680588235,
    "median_ms": 304.85675,
    "p50_ms": 304.85675,
    "p95_ms": 306.623959,
    "p99_ms": 306.875667,
    "p999_ms": 306.875667
  },
  "read_latency": {
    "min_ms": 0.161292,
    "max_ms": 3.691875,
    "mean_ms": 0.7125827323688978,
    "median_ms": 0.692542,
    "p50_ms": 0.692542,
    "p95_ms": 0.9385,
    "p99_ms": 1.320875,
    "p999_ms": 2.953667
  },
  "start_time": "2025-11-16T16:39:38.152789-08:00",
  "end_time": "2025-11-16T16:40:38.152286-08:00",
  "duration": "59.99991425s"
}
