{
  "config": "Leader-Follower W=3 R=3 (10% writes, 90% reads)",
  "total_requests": 5086,
  "total_writes": 481,
  "total_reads": 4605,
  "successful_requests": 5073,
  "failed_requests": 13,
  "stale_reads": 0,
  "write_latency": {
    "min_ms": 301.878292,
    "max_ms": 309.863417,
    "mean_ms": 304.89723640332636,
    "median_ms": 304.757334,
    "p50_ms": 304.757334,
    "p95_ms": 307.266833,
    "p99_ms": 308.906666,
    "p999_ms": 309.863417
  },
  "read_latency": {
    "min_ms": 0.152708,
    "max_ms": 11.926292,
    "mean_ms": 0.7911408312282247,
    "median_ms": 0.704166,
    "p50_ms": 0.704166,
    "p95_ms": 1.494584,
    "p99_ms": 2.735375,
    "p999_ms": 3.803458
  },
  "start_time": "2025-11-16T16:40:38.412125-08:00",
  "end_time": "2025-11-16T16:41:38.403996-08:00",
  "duration": "59.992288125s"
}
